Qty,Line Item,Manufacturer,MPN,Octopart URL,Schematic Reference,Internal Part Number,Description,Total Qty (@ Batch Size: 1),SKU,SKU,SKU,SKU,Packaging,Packaging,Packaging,Packaging,Unit Price (@ Batch Size: 1),Unit Price (@ Batch Size: 1),Unit Price (@ Batch Size: 1),Unit Price (@ Batch Size: 1),In Stock,In Stock,In Stock,In Stock,MOQ,MOQ,MOQ,MOQ,URL,URL,URL,URL,Distributor [Lowest Price (Overall)],SKU [Lowest Price (Overall)],Packaging [Lowest Price (Overall)],Unit Price (@ Batch Size: 1) [Lowest Price (Overall)],Line Total [Lowest Price (Overall)],Batch Total [Lowest Price (Overall)],In Stock [Lowest Price (Overall)],MOQ [Lowest Price (Overall)],URL [Lowest Price (Overall)],Notes
,,,,,,,,,Digi-Key,Future Electronics,Mouser,RS Components,Digi-Key,Future Electronics,Mouser,RS Components,Digi-Key,Future Electronics,Mouser,RS Components,Digi-Key,Future Electronics,Mouser,RS Components,Digi-Key,Future Electronics,Mouser,RS Components,Digi-Key,Future Electronics,Mouser,RS Components,,,,,,,,,,
2,WM50018-05-ND,Molex,22-28-4054,https://octopart.com/22-28-4054-molex-278278,,,,2,WM50018-05-ND,,538-22-28-4054,,Bulk,,Bulk,,0.45,,0.41,,1714,,288,,1,,1,,https://octopart.com/click/track?ai=8237&sig=0768743&sid=459&ppid=278278&vpid=78026448&ct=offers,,https://octopart.com/click/track?ai=8237&sig=0e5d879&sid=2401&ppid=278278&vpid=37931119&ct=offers,,Newark,56H1979,,0.226,0.452,0.452,10524,1,https://octopart.com/click/track?ai=8237&sig=0e22af8&sid=2402&ppid=278278&vpid=534807129&ct=offers,
2,J629-ND,Emerson Network Power,142-0711-821,https://octopart.com/142-0711-821-emerson+network+power-39448276,,,,2,J629-ND,,,,Bulk,,,,4.74,,,,34132,,,,1,,,,https://octopart.com/click/track?ai=8237&sig=03f6d87&sid=459&ppid=39448276&vpid=113513258&ct=offers,,,,Voyager Components,142-0711-821-JOHNSON-N/A,,2.43361,4.86722,4.86722,7,1,https://octopart.com/click/track?ai=8237&sig=03d8987&sid=2424&ppid=39448276&vpid=590627797&ct=offers,
2,SW1143CT-ND,Omron,B3U-1000P-B,https://octopart.com/b3u-1000p-b-omron-1057356,,,,2,SW1143CT-ND,,653-B3U-1000P-B,,Cut Tape,,Tape & Reel,,0.92,,0.92,,1995,,6379,,1,,1,,https://octopart.com/click/track?ai=8237&sig=0715549&sid=459&ppid=1057356&vpid=36619538&ct=offers,,https://octopart.com/click/track?ai=8237&sig=02e6279&sid=2401&ppid=1057356&vpid=37858250&ct=offers,,LCSC,C231330,,0.3769,0.7538,0.7538,3097,1,https://octopart.com/click/track?ai=8237&sig=0cb2428&sid=27971&ppid=1057356&vpid=499990529&ct=offers,
68,490-3285-1-ND,Murata,GRM188R72A104KA35D,https://octopart.com/grm188r72a104ka35d-murata-196904,,,,68,490-3285-1-ND,6104052,81-GRM188R72A104KA35,,Cut Tape,Cut Tape,Tape & Reel,,0.1154,0.073,0.116,,1934716,0,313351,,1,1,1,,https://octopart.com/click/track?ai=8237&sig=0552a4b&sid=459&ppid=196904&vpid=1759958&ct=offers,https://octopart.com/click/track?c=1&ai=8237&sig=095ddca&sid=2454&ppid=196904&vpid=495870575&ct=offers,https://octopart.com/click/track?ai=8237&sig=017296d&sid=2401&ppid=196904&vpid=37944309&ct=offers,,Quest,GRM188R72A104KA35D,,0.0699,4.7532000000000005,4.7532000000000005,280406,1,https://octopart.com/click/track?ai=8237&sig=0c9acba&sid=2412&ppid=196904&vpid=67430058&ct=offers,
4,1276-1008-1-ND,Samsung,CL10C101JB8NNNC,https://octopart.com/cl10c101jb8nnnc-samsung-9299377,,,,4,1276-1008-1-ND,4220968,187-CL10C101JB8NNNC,7665130,Cut Tape,Cut Tape,Tape & Reel,,0.1,1.63,0.1,,239121,341798,214141,176000,1,1,1,4000,https://octopart.com/click/track?ai=8237&sig=0af5203&sid=459&ppid=9299377&vpid=72524765&ct=offers,https://octopart.com/click/track?ai=8237&sig=029d983&sid=2454&ppid=9299377&vpid=495872537&ct=offers,https://octopart.com/click/track?ai=8237&sig=0cd9e3d&sid=2401&ppid=9299377&vpid=659501335&ct=offers,https://octopart.com/click/track?ai=8237&sig=09b4d69&sid=10022&ppid=9299377&vpid=575772157&ct=offers,Newark,82AC9367,Cut Tape,0.005,0.02,0.02,40090,1,https://octopart.com/click/track?ai=8237&sig=0b7e270&sid=2402&ppid=9299377&vpid=511545639&ct=offers,
5,1276-1009-1-ND,Samsung,CL10B103KB8NNNC,https://octopart.com/cl10b103kb8nnnc-samsung-9299374,,,,5,1276-1009-1-ND,7103639,187-CL10B103KB8NNNC,7665373,Cut Tape,Cut Tape,Tape & Reel,,0.1,0.098,0.1,,1613097,6572866,438083,6204000,1,1,1,4000,https://octopart.com/click/track?ai=8237&sig=08f0957&sid=459&ppid=9299374&vpid=72523832&ct=offers,https://octopart.com/click/track?ai=8237&sig=08b147c&sid=2454&ppid=9299374&vpid=495872440&ct=offers,https://octopart.com/click/track?ai=8237&sig=0edcec1&sid=2401&ppid=9299374&vpid=659501108&ct=offers,https://octopart.com/click/track?ai=8237&sig=09d8818&sid=10022&ppid=9299374&vpid=575772086&ct=offers,Newark,82AC9315,Cut Tape,0.004,0.02,0.02,41660,1,https://octopart.com/click/track?ai=8237&sig=00bc199&sid=2402&ppid=9299374&vpid=511545493&ct=offers,
15,1276-1113-1-ND,Samsung,CL21B106KQQNNNE,https://octopart.com/cl21b106kqqnnne-samsung-18183217,,,,15,1276-1113-1-ND,9526229,187-CL21B106KQQNNNE,,Cut Tape,Cut Tape,Tape & Reel,,0.139,0.196,0.082,,963,1988,73036,,1,1,1,,https://octopart.com/click/track?ai=8237&sig=0995b10&sid=459&ppid=18183217&vpid=72526172&ct=offers,https://octopart.com/click/track?ai=8237&sig=0265d4b&sid=2454&ppid=18183217&vpid=495872705&ct=offers,https://octopart.com/click/track?ai=8237&sig=01ff177&sid=2401&ppid=18183217&vpid=659501630&ct=offers,,Mouser,187-CL21B106KQQNNNE,Tape & Reel,0.082,1.23,1.23,73036,1,https://octopart.com/click/track?ai=8237&sig=01ff177&sid=2401&ppid=18183217&vpid=659501630&ct=offers,
15,490-1472-1-ND,Murata,GRM188R72A102KA01D,https://octopart.com/grm188r72a102ka01d-murata-196190,,,,15,490-1472-1-ND,7114712,,,Cut Tape,Cut Tape,,,0.077,0.108,,,348772,886796,,,1,1,,,https://octopart.com/click/track?ai=8237&sig=057f021&sid=459&ppid=196190&vpid=1764216&ct=offers,https://octopart.com/click/track?ai=8237&sig=00da36d&sid=2454&ppid=196190&vpid=657019381&ct=offers,,,Freelance Electronics,GRM188R72A102KA01D,,0.00647,0.09705,0.09705,7900,1,https://octopart.com/click/track?ai=8237&sig=048efb7&sid=13062&ppid=196190&vpid=248337884&ct=offers,
7,1276-1946-1-ND,Samsung,CL10B105KP8NNNC,https://octopart.com/cl10b105kp8nnnc-samsung-19831604,,,,7,1276-1946-1-ND,8103641,187-CL10B105KP8NNNC,,Cut Tape,Cut Tape,Tape & Reel,,0.1,0.0141,0.1,,3872897,416878,227214,,1,1,1,,https://octopart.com/click/track?ai=8237&sig=084b68a&sid=459&ppid=19831604&vpid=72523947&ct=offers,https://octopart.com/click/track?ai=8237&sig=071bacc&sid=2454&ppid=19831604&vpid=495872463&ct=offers,https://octopart.com/click/track?ai=8237&sig=04a8eac&sid=2401&ppid=19831604&vpid=659501159&ct=offers,,Newark,82AC9335,Cut Tape,0.007,0.049,0.049,8083,1,https://octopart.com/click/track?ai=8237&sig=0dd3b91&sid=2402&ppid=19831604&vpid=511545544&ct=offers,
11,1276-3375-1-ND,Samsung,CL32A227MQVNNNE,https://octopart.com/cl32a227mqvnnne-samsung-21642163,,,,11,1276-3375-1-ND,7061029,187-CL32A227MQVNNNE,7661160,Cut Tape,Cut Tape,Tape & Reel,,1.525,2.03,1.53,1.627,4538,198141,44353,18,1,1,1,2,https://octopart.com/click/track?ai=8237&sig=056834c&sid=459&ppid=21642163&vpid=72529399&ct=offers,https://octopart.com/click/track?ai=8237&sig=072bdb2&sid=2454&ppid=21642163&vpid=421050959&ct=offers,https://octopart.com/click/track?ai=8237&sig=02c25d7&sid=2401&ppid=21642163&vpid=659502060&ct=offers,https://octopart.com/click/track?ai=8237&sig=02c5766&sid=10022&ppid=21642163&vpid=575772541&ct=offers,LCSC,C400951,,0.7538,8.2918,8.2918,12811,1,https://octopart.com/click/track?ai=8237&sig=068f5a2&sid=27971&ppid=21642163&vpid=594417399&ct=offers,
4,1276-1193-1-ND,Samsung,CL10A226MQ8NRNC,https://octopart.com/cl10a226mq8nrnc-samsung-19018972,,,,4,1276-1193-1-ND,1951326,187-CL10A226MQ8NRNC,7661006P,Cut Tape,Cut Tape,Tape & Reel,,0.24,0.235,0.32,,112669,309837,305,25,1,1,1,25,https://octopart.com/click/track?ai=8237&sig=065f626&sid=459&ppid=19018972&vpid=72523680&ct=offers,https://octopart.com/click/track?ai=8237&sig=067f4e7&sid=2454&ppid=19018972&vpid=421049762&ct=offers,https://octopart.com/click/track?ai=8237&sig=0491f0a&sid=2401&ppid=19018972&vpid=659501058&ct=offers,https://octopart.com/click/track?ai=8237&sig=0ada1f7&sid=10022&ppid=19018972&vpid=660735010&ct=offers,Quest,CL10A226MQ8NRNC,,0.2,0.8,0.8,104,1,https://octopart.com/click/track?ai=8237&sig=077a634&sid=2412&ppid=19018972&vpid=542505621&ct=offers,
5,1276-1134-1-ND,Samsung,CL10B225KP8NNNC,https://octopart.com/cl10b225kp8nnnc-samsung-19831669,,,,5,1276-1134-1-ND,4103667,187-CL10B225KP8NNNC,,Cut Tape,Cut Tape,Tape & Reel,,0.11,0.0325,0.12,,92201,354585,72645,,1,1,1,,https://octopart.com/click/track?ai=8237&sig=0f63fb3&sid=459&ppid=19831669&vpid=72524202&ct=offers,https://octopart.com/click/track?ai=8237&sig=06c1043&sid=2454&ppid=19831669&vpid=495872483&ct=offers,https://octopart.com/click/track?ai=8237&sig=0c75fe2&sid=2401&ppid=19831669&vpid=659501210&ct=offers,,Future Electronics,4103667,Cut Tape,0.0325,0.1625,0.1625,354585,1,https://octopart.com/click/track?ai=8237&sig=06c1043&sid=2454&ppid=19831669&vpid=495872483&ct=offers,
1,1276-2030-1-ND,Samsung,CL10B332JB8NNNC,https://octopart.com/cl10b332jb8nnnc-samsung-15492529,,,,1,1276-2030-1-ND,,,,Cut Tape,,,,0.1,,,,102646,,,,1,,,,https://octopart.com/click/track?c=1&ai=8237&sig=0ae29b7&sid=459&ppid=15492529&vpid=72524250&ct=offers,,,,Digi-Key,1276-2030-1-ND,Cut Tape,0.1,0.1,0.1,102646,1,https://octopart.com/click/track?c=1&ai=8237&sig=0ae29b7&sid=459&ppid=15492529&vpid=72524250&ct=offers,
1,311-4001-1-ND,Yageo,CC0603JRX7R8BB333,https://octopart.com/cc0603jrx7r8bb333-yageo-25629527,,,,1,311-4001-1-ND,7099787,603-CC603JRX7R8BB333,,Cut Tape,Tape & Reel,Tape & Reel,,0.11,,0.13,,18852,0,8695,,1,4000,1,,https://octopart.com/click/track?ai=8237&sig=0ca1308&sid=459&ppid=25629527&vpid=457174973&ct=offers,https://octopart.com/click/track?c=1&ai=8237&sig=076279b&sid=2454&ppid=25629527&vpid=657181783&ct=offers,https://octopart.com/click/track?ai=8237&sig=0bc5dc1&sid=2401&ppid=25629527&vpid=268303231&ct=offers,,Digi-Key,311-4001-1-ND,Cut Tape,0.11,0.11,0.11,18852,1,https://octopart.com/click/track?ai=8237&sig=0ca1308&sid=459&ppid=25629527&vpid=457174973&ct=offers,
4,1276-1062-1-ND,Samsung,CL10B474KO8NNNC,https://octopart.com/cl10b474ko8nnnc-samsung-9301678,,,,4,1276-1062-1-ND,2488724,187-CL10B474KO8NNNC,7664765,Cut Tape,Cut Tape,Tape & Reel,,0.1,0.098,0.1,,216128,236311,151105,116000,1,1,1,4000,https://octopart.com/click/track?ai=8237&sig=01034d2&sid=459&ppid=9301678&vpid=72524451&ct=offers,https://octopart.com/click/track?ai=8237&sig=03b38b2&sid=2454&ppid=9301678&vpid=495872506&ct=offers,https://octopart.com/click/track?ai=8237&sig=0ecb067&sid=2401&ppid=9301678&vpid=658751354&ct=offers,https://octopart.com/click/track?ai=8237&sig=04430c8&sid=10022&ppid=9301678&vpid=575772136&ct=offers,Newark,82AC9359,Cut Tape,0.006,0.024,0.024,12275,1,https://octopart.com/click/track?ai=8237&sig=004f9a0&sid=2402&ppid=9301678&vpid=511545615&ct=offers,
1,1276-2420-1-ND,Samsung,CL21A476MQCLRNC,https://octopart.com/cl21a476mqclrnc-samsung-24871259,,,,1,1276-2420-1-ND,7103714,187-CL21A476MQCLRNC,,Cut Tape,Cut Tape,Tape & Reel,,0.83,0.14,0.53,,409971,0,71990,,1,1,1,,https://octopart.com/click/track?ai=8237&sig=0b44936&sid=459&ppid=24871259&vpid=72525933&ct=offers,https://octopart.com/click/track?c=1&ai=8237&sig=0c213f7&sid=2454&ppid=24871259&vpid=495872659&ct=offers,https://octopart.com/click/track?ai=8237&sig=0621a86&sid=2401&ppid=24871259&vpid=659501512&ct=offers,,Future Electronics,7103714,Cut Tape,0.14,0.14,0.14,0,1,https://octopart.com/click/track?c=1&ai=8237&sig=0c213f7&sid=2454&ppid=24871259&vpid=495872659&ct=offers,
4,490-7203-1-ND,Murata,GRM188R61E475KE11D,https://octopart.com/grm188r61e475ke11d-murata-26982327,,,,4,490-7203-1-ND,6104085,81-GRM188R61E475KE1D,8151386,Cut Tape,Cut Tape,Tape & Reel,,0.36,0.365,0.41,,300910,1056,213126,1350,1,1,1,25,https://octopart.com/click/track?ai=8237&sig=0a6541a&sid=459&ppid=26982327&vpid=68513470&ct=offers,https://octopart.com/click/track?ai=8237&sig=0bae64b&sid=2454&ppid=26982327&vpid=495870555&ct=offers,https://octopart.com/click/track?ai=8237&sig=0cc25c5&sid=2401&ppid=26982327&vpid=168137474&ct=offers,https://octopart.com/click/track?ai=8237&sig=003d1de&sid=10022&ppid=26982327&vpid=575622394&ct=offers,Express Electronics,GRM188R61E475KE11D,,0.03,0.12,0.12,11307,1,https://octopart.com/click/track?ai=8237&sig=0b8568b&sid=2450&ppid=26982327&vpid=674983100&ct=offers,
2,1276-2133-1-ND,Samsung,CL10C060CB8NNNC,https://octopart.com/cl10c060cb8nnnc-samsung-19831802,,,,2,1276-2133-1-ND,,187-CL10C060CB8NNNC,,Cut Tape,,Tape & Reel,,0.1,,0.1,,153484,,132772,,1,,1,,https://octopart.com/click/track?ai=8237&sig=0d0b8f2&sid=459&ppid=19831802&vpid=72524652&ct=offers,,https://octopart.com/click/track?ai=8237&sig=053e04f&sid=2401&ppid=19831802&vpid=659501314&ct=offers,,Arrow Electronics,CL10C060CB8NNNC,,0.092,0.184,0.184,48000,1,https://octopart.com/click/track?ai=8237&sig=09a85e6&sid=1106&ppid=19831802&vpid=39292227&ct=offers,
5,445-14209-1-ND,TDK,C1608X6S1A685K080AC,https://octopart.com/c1608x6s1a685k080ac-tdk-28168623,,,,5,445-14209-1-ND,9119786,810-C1608X6S1A685K0C,,Cut Tape,Cut Tape,Tape & Reel,,0.48,0.47,0.46,,33396,24000,18774,,1,1,1,,https://octopart.com/click/track?ai=8237&sig=0511111&sid=459&ppid=28168623&vpid=73765061&ct=offers,https://octopart.com/click/track?ai=8237&sig=0043e18&sid=2454&ppid=28168623&vpid=657057523&ct=offers,https://octopart.com/click/track?ai=8237&sig=090ac02&sid=2401&ppid=28168623&vpid=217078863&ct=offers,,Arrow Electronics,C1608X6S1A685K080AC,Cut Tape,0.3615,1.8074999999999999,1.8074999999999999,4057,1,https://octopart.com/click/track?ai=8237&sig=07e5648&sid=1106&ppid=28168623&vpid=473448591&ct=offers,
2,445-14102-1-ND,TDK,C1608NP02A080D080AA,https://octopart.com/c1608np02a080d080aa-tdk-28168516,,,,2,445-14102-1-ND,,810-C1608NP02A080D0A,,Cut Tape,,Tape & Reel,,0.22,,0.22,,2315,,4000,,1,,1,,https://octopart.com/click/track?ai=8237&sig=0f65c34&sid=459&ppid=28168516&vpid=73764740&ct=offers,,https://octopart.com/click/track?ai=8237&sig=0a4ecc7&sid=2401&ppid=28168516&vpid=457207842&ct=offers,,Digi-Key,445-14102-1-ND,Cut Tape,0.22,0.44,0.44,2315,1,https://octopart.com/click/track?ai=8237&sig=0f65c34&sid=459&ppid=28168516&vpid=73764740&ct=offers,
1,475-2831-1-ND,Osram Opto,LW Q38E-Q1OO-3K6L-1,https://octopart.com/lw+q38e-q1oo-3k6l-1-osram+opto-61925015,,,,1,475-2831-1-ND,,720-LWQ38EQ1S23K6L1,8768874P,Cut Tape,,Tape & Reel,,0.43,,0.41,,124860,,98017,17450,1,,1,50,https://octopart.com/click/track?ai=8237&sig=032792c&sid=459&ppid=61925015&vpid=90899479&ct=offers,,https://octopart.com/click/track?ai=8237&sig=0e31f76&sid=2401&ppid=61925015&vpid=255811441&ct=offers,https://octopart.com/click/track?ai=8237&sig=045be40&sid=10022&ppid=61925015&vpid=660726436&ct=offers,Mouser,720-LWQ38EQ1S23K6L1,Tape & Reel,0.41,0.41,0.41,98017,1,https://octopart.com/click/track?ai=8237&sig=0e31f76&sid=2401&ppid=61925015&vpid=255811441&ct=offers,
1,475-2512-1-ND,Osram Opto,LS Q976-NR-1,https://octopart.com/ls+q976-nr-1-osram+opto-31093944,,,,1,475-2512-1-ND,,720-LSQ976-NR-1,,Cut Tape,,Tape & Reel,,0.28,,0.27,,114793,,130235,,1,,1,,https://octopart.com/click/track?ai=8237&sig=0ce0c3b&sid=459&ppid=31093944&vpid=90899263&ct=offers,,https://octopart.com/click/track?ai=8237&sig=0ca5f88&sid=2401&ppid=31093944&vpid=90940449&ct=offers,,Mouser,720-LSQ976-NR-1,Tape & Reel,0.27,0.27,0.27,130235,1,https://octopart.com/click/track?ai=8237&sig=0ca5f88&sid=2401&ppid=31093944&vpid=90940449&ct=offers,
1,511-1577-1-ND,rohm,SML-D12D8WT86,https://octopart.com/sml-d12d8wt86-rohm-9290841,,,,1,511-1577-1-ND,1592872,755-SML-D12D8WT86,,Cut Tape,Tape & Reel,Tape & Reel,,0.33,,0.31,,17108,48000,610,,1,3000,1,,https://octopart.com/click/track?ai=8237&sig=04509de&sid=459&ppid=9290841&vpid=34047029&ct=offers,https://octopart.com/click/track?ai=8237&sig=0aae258&sid=2454&ppid=9290841&vpid=109995275&ct=offers,https://octopart.com/click/track?ai=8237&sig=0f459dc&sid=2401&ppid=9290841&vpid=38113636&ct=offers,,Mouser,755-SML-D12D8WT86,Tape & Reel,0.31,0.31,0.31,610,1,https://octopart.com/click/track?ai=8237&sig=0f459dc&sid=2401&ppid=9290841&vpid=38113636&ct=offers,
1,MBRA340T3GOSCT-ND,ON Semiconductor,MBRA340T3G,https://octopart.com/mbra340t3g-on+semiconductor-330950,,,,1,MBRA340T3GOSCT-ND,4189122,863-MBRA340T3G,6880502P,Cut Tape,Cut Tape,Tape & Reel,,0.54,0.26,0.46,,0,28671,16097,13035,1,1,1,50,https://octopart.com/click/track?c=1&ai=8237&sig=0315e43&sid=459&ppid=330950&vpid=1302828&ct=offers,https://octopart.com/click/track?ai=8237&sig=047bcb1&sid=2454&ppid=330950&vpid=109918064&ct=offers,https://octopart.com/click/track?ai=8237&sig=028b644&sid=2401&ppid=330950&vpid=44810459&ct=offers,https://octopart.com/click/track?ai=8237&sig=06e91ba&sid=10022&ppid=330950&vpid=660722920&ct=offers,Voyager Components,MBRA340T3G-ON SEMICONDUCTOR-N/A,,0.12048,0.12048,0.12048,40,1,https://octopart.com/click/track?ai=8237&sig=0f19fa2&sid=2424&ppid=330950&vpid=590638482&ct=offers,
1,CP-43617SJCT-ND,CUI Devices,SJ-43617-SMT-TR,https://octopart.com/sj-43617-smt-tr-cui+devices-106234256,,,,1,CP-43617SJCT-ND,6134595,490-SJ-43617-SMT-TR,,Cut Tape,Tape & Reel,Tape & Reel,,1.29,,1.29,,2305,0,0,,1,650,1,,https://octopart.com/click/track?ai=8237&sig=0ad8a5c&sid=459&ppid=106234256&vpid=612420401&ct=offers,https://octopart.com/click/track?c=1&ai=8237&sig=09c6878&sid=2454&ppid=106234256&vpid=671712509&ct=offers,https://octopart.com/click/track?c=1&ai=8237&sig=09b6315&sid=2401&ppid=106234256&vpid=595460449&ct=offers,,Arrow Electronics,SJ-43617-SMT-TR,Cut Tape,0.6573,0.6573,0.6573,2067,1,https://octopart.com/click/track?ai=8237&sig=00bc7c3&sid=1106&ppid=106234256&vpid=595457944&ct=offers,
1,553-2579-1-ND,Pulse,W3062A,https://octopart.com/w3062a-pulse-20005248,,,,1,553-2579-1-ND,,673-W3062A,,Cut Tape,,Tape & Reel,,1.64,,1.47,,1196,,1775,,1,,1,,https://octopart.com/click/track?ai=8237&sig=0a40d70&sid=459&ppid=20005248&vpid=194149916&ct=offers,,https://octopart.com/click/track?ai=8237&sig=0480fef&sid=2401&ppid=20005248&vpid=458594926&ct=offers,,Arrow Electronics,W3062A,Cut Tape,0.6611,0.6611,0.6611,795,1,https://octopart.com/click/track?ai=8237&sig=0cfe40b&sid=1106&ppid=20005248&vpid=473413041&ct=offers,
1,A107015CT-ND,TE Connectivity,1241152-6,https://octopart.com/1241152-6-te+connectivity-41017930,,,,1,A107015CT-ND,3078246,571-1241152-6,,Cut Tape,Tape & Reel,Tape & Reel,,2.43,,2.51,,4268,0,1089,,1,700,1,,https://octopart.com/click/track?ai=8237&sig=04d16f2&sid=459&ppid=41017930&vpid=123498110&ct=offers,https://octopart.com/click/track?c=1&ai=8237&sig=03b94d7&sid=2454&ppid=41017930&vpid=416929299&ct=offers,https://octopart.com/click/track?ai=8237&sig=0e343a5&sid=2401&ppid=41017930&vpid=165550207&ct=offers,,Chip One Stop Japan,C1S114400714495,Tape & Reel,1.37,1.37,1.37,8,1,https://octopart.com/click/track?ai=8237&sig=039e6ae&sid=13512&ppid=41017930&vpid=493008547&ct=offers,
1,A107013CT-ND,TE Connectivity,1-1241152-0,https://octopart.com/1-1241152-0-te+connectivity-40985157,,,,1,A107013CT-ND,,571-1-1241152-0,5286518,Cut Tape,,Tape & Reel,,2.6,,3.35,,2504,,439,10,1,,1,10,https://octopart.com/click/track?ai=8237&sig=022f566&sid=459&ppid=40985157&vpid=119575316&ct=offers,,https://octopart.com/click/track?ai=8237&sig=03f1cbc&sid=2401&ppid=40985157&vpid=165548266&ct=offers,https://octopart.com/click/track?ai=8237&sig=018bd52&sid=10022&ppid=40985157&vpid=575794953&ct=offers,Farnell,9689702,Cut Tape,2.536811187200211,2.536811187200211,2.536811187200211,313,1,https://octopart.com/click/track?ai=8237&sig=091a55f&sid=819&ppid=40985157&vpid=139713594&ct=offers,
3,445-173012-1-ND,TDK,VLS201612HBX-2R2M-1,https://octopart.com/vls201612hbx-2r2m-1-tdk-52458620,,,,3,445-173012-1-ND,1076680,810-VLS21612HBX2R2M1,1814900,Cut Tape,Tape & Reel,Tape & Reel,,0.33,,0.33,,4858,0,6027,4000,1,2000,1,2000,https://octopart.com/click/track?ai=8237&sig=05b1c85&sid=459&ppid=52458620&vpid=203740274&ct=offers,https://octopart.com/click/track?c=1&ai=8237&sig=0519142&sid=2454&ppid=52458620&vpid=416922969&ct=offers,https://octopart.com/click/track?ai=8237&sig=0925ed8&sid=2401&ppid=52458620&vpid=241814884&ct=offers,https://octopart.com/click/track?ai=8237&sig=0351009&sid=10022&ppid=52458620&vpid=575793508&ct=offers,Digi-Key,445-173012-1-ND,Cut Tape,0.33,0.99,0.99,4858,1,https://octopart.com/click/track?ai=8237&sig=05b1c85&sid=459&ppid=52458620&vpid=203740274&ct=offers,
1,587-2098-1-ND,Taiyo Yuden,NR6028T2R2N,https://octopart.com/nr6028t2r2n-taiyo+yuden-8598465,,,,1,587-2098-1-ND,4043999,963-NR6028T2R2N,,Cut Tape,Tape & Reel,Tape & Reel,,0.36,,0.35,,9738,0,127514,,1,2000,1,,https://octopart.com/click/track?ai=8237&sig=0b4e944&sid=459&ppid=8598465&vpid=34089880&ct=offers,https://octopart.com/click/track?c=1&ai=8237&sig=0e4baa9&sid=2454&ppid=8598465&vpid=490610339&ct=offers,https://octopart.com/click/track?ai=8237&sig=0a88a8c&sid=2401&ppid=8598465&vpid=46006216&ct=offers,,Utmel Electronic,NR6028T2R2N,,0.16815,0.16815,0.16815,8000,1,https://octopart.com/click/track?ai=8237&sig=0f93b92&sid=29008&ppid=8598465&vpid=618297495&ct=offers,
2,WBC2-1TLB,Coilcraft,WBC2-1TLB,https://octopart.com/wbc2-1tlb-coilcraft-6747758,,,,2,,,994-WBC2-1TLB,,,,Tape & Reel,,,,4.87,,,,1887,,,,1,,,,https://octopart.com/click/track?ai=8237&sig=0f1f328&sid=2401&ppid=6747758&vpid=456354212&ct=offers,,Coilcraft Direct,WBC2-1TLB,Tape & Reel (7 in.),3.45,6.9,6.9,4885,1,https://octopart.com/click/track?ai=8237&sig=05011b7&sid=2432&ppid=6747758&vpid=10029082&ct=offers,
1,308-2043-1-ND,Sumida,CDRH4D28CNP-4R7PC,https://octopart.com/cdrh4d28cnp-4r7pc-sumida-11543079,,,,1,308-2043-1-ND,,851-CDRH4D28CNP4R7PC,,Cut Tape,,Tape & Reel,,0.95,,1.08,,2472,,1989,,1,,1,,https://octopart.com/click/track?ai=8237&sig=005539a&sid=459&ppid=11543079&vpid=72734924&ct=offers,,https://octopart.com/click/track?ai=8237&sig=0e83aa5&sid=2401&ppid=11543079&vpid=293066523&ct=offers,,Digi-Key,308-2043-1-ND,Cut Tape,0.95,0.95,0.95,2472,1,https://octopart.com/click/track?ai=8237&sig=005539a&sid=459&ppid=11543079&vpid=72734924&ct=offers,
2,SRN4018-221MCT-ND,Bourns,SRN4018-221M,https://octopart.com/srn4018-221m-bourns-25452390,,,,2,SRN4018-221MCT-ND,,652-SRN4018-221M,7729745,Cut Tape,,Tape & Reel,,0.46,,0.4,,7495,,2723,4422,1,,1,10,https://octopart.com/click/track?ai=8237&sig=0047483&sid=459&ppid=25452390&vpid=63783148&ct=offers,,https://octopart.com/click/track?ai=8237&sig=048fb17&sid=2401&ppid=25452390&vpid=64112172&ct=offers,https://octopart.com/click/track?ai=8237&sig=0be3fc1&sid=10022&ppid=25452390&vpid=575454858&ct=offers,element14 APAC,2408941,Cut Tape,0.39346975624435754,0.7869395124887151,0.7869395124887151,0,1,https://octopart.com/click/track?c=1&ai=8237&sig=0357530&sid=11744&ppid=25452390&vpid=237116954&ct=offers,
2,ADE-2ASK,Mini-Circuits,ADE2ASK+,https://octopart.com/ade2ask%2B-mini-circuits-64850656,,,,2,,,139-ADE-2ASK,,,,Tape & Reel,,,,9.51,,,,199,,,,1,,,,https://octopart.com/click/track?ai=8237&sig=08a7da7&sid=2401&ppid=64850656&vpid=612234063&ct=offers,,Mouser,139-ADE-2ASK,Tape & Reel,9.51,19.02,19.02,199,1,https://octopart.com/click/track?ai=8237&sig=08a7da7&sid=2401&ppid=64850656&vpid=612234063&ct=offers,
1,HR1972CT-ND,Hirose,DM3CS-SF,https://octopart.com/dm3cs-sf-hirose-44525751,,,,1,HR1972CT-ND,2041464,798-DM3CSSF,7726787,Cut Tape,Cut Tape,Tape & Reel,,1.43,1.9,1.43,,9637,4685,16371,805,1,1,1,5,https://octopart.com/click/track?ai=8237&sig=09aa85d&sid=459&ppid=44525751&vpid=115641673&ct=offers,https://octopart.com/click/track?ai=8237&sig=01d81d4&sid=2454&ppid=44525751&vpid=416830616&ct=offers,https://octopart.com/click/track?ai=8237&sig=022c547&sid=2401&ppid=44525751&vpid=115532277&ct=offers,https://octopart.com/click/track?ai=8237&sig=0c08fa3&sid=10022&ppid=44525751&vpid=575505636&ct=offers,Newark,35R0581,Cut Tape,0.828,0.828,0.828,886,1,https://octopart.com/click/track?ai=8237&sig=0521c5d&sid=2402&ppid=44525751&vpid=115362052&ct=offers,
5,IRLML6401PBFCT-ND,Infineon,IRLML6401TRPBF,https://octopart.com/irlml6401trpbf-infineon-65874987,,,,5,IRLML6401PBFCT-ND,2115764,942-IRLML6401TRPBF,0301316,Cut Tape,Cut Tape,Tape & Reel,,0.38,0.345,0.35,0.307,68124,224218,54539,2170,1,1,1,5,https://octopart.com/click/track?ai=8237&sig=09afd5e&sid=459&ppid=65874987&vpid=232563277&ct=offers,https://octopart.com/click/track?ai=8237&sig=0018696&sid=2454&ppid=65874987&vpid=416840124&ct=offers,https://octopart.com/click/track?ai=8237&sig=020e1c1&sid=2401&ppid=65874987&vpid=262701939&ct=offers,https://octopart.com/click/track?ai=8237&sig=0e0b6e6&sid=10022&ppid=65874987&vpid=575522739&ct=offers,LCSC,C3034,,0.0912,0.456,0.456,21450,5,https://octopart.com/click/track?ai=8237&sig=0703f61&sid=27971&ppid=65874987&vpid=624133127&ct=offers,
11,541-0.0GCT-ND,Vishay,CRCW06030000Z0EA,https://octopart.com/crcw06030000z0ea-vishay-39556096,,,,11,541-0.0GCT-ND,4559829,71-CRCW0603-0-E3,,Cut Tape,Cut Tape,Tape & Reel,,0.028,0.0048,0.016,,2593210,1190502,4058446,,1,1,1,,https://octopart.com/click/track?ai=8237&sig=000bdda&sid=459&ppid=39556096&vpid=114978156&ct=offers,https://octopart.com/click/track?ai=8237&sig=09d522c&sid=2454&ppid=39556096&vpid=416956741&ct=offers,https://octopart.com/click/track?ai=8237&sig=03f3a73&sid=2401&ppid=39556096&vpid=114828649&ct=offers,,Freelance Electronics,CRCW06030000Z0EA,,0.0014,0.0154,0.0154,4000,1,https://octopart.com/click/track?ai=8237&sig=0b79546&sid=13062&ppid=39556096&vpid=587806818&ct=offers,
25,P100KGCT-ND,Panasonic,ERJ-3GEYJ104V,https://octopart.com/erj-3geyj104v-panasonic-55421973,,,,25,P100KGCT-ND,9103865,667-ERJ-3GEYJ104V,7325665,Cut Tape,Cut Tape,Tape & Reel,,0.029,0.098,0.029,,0,684142,85595,305000,1,1,1,5000,https://octopart.com/click/track?c=1&ai=8237&sig=09301dd&sid=459&ppid=55421973&vpid=188062086&ct=offers,https://octopart.com/click/track?ai=8237&sig=03c95dd&sid=2454&ppid=55421973&vpid=495871822&ct=offers,https://octopart.com/click/track?ai=8237&sig=0fb8efc&sid=2401&ppid=55421973&vpid=187840252&ct=offers,https://octopart.com/click/track?ai=8237&sig=002ff35&sid=10022&ppid=55421973&vpid=575686499&ct=offers,Newark,63W0974,Cut Tape,0.001,0.025,0.025,1233,10,https://octopart.com/click/track?ai=8237&sig=090f789&sid=2402&ppid=55421973&vpid=265591715&ct=offers,
1,P100GCT-ND,Panasonic,ERJ-3GEYJ101V,https://octopart.com/erj-3geyj101v-panasonic-55405017,,,,1,P100GCT-ND,1103864,667-ERJ-3GEYJ101V,7325659,Cut Tape,Cut Tape,Tape & Reel,,0.1,0.098,0.1,,329141,10000,53097,55000,1,1,1,5000,https://octopart.com/click/track?ai=8237&sig=04b7771&sid=459&ppid=55405017&vpid=188062076&ct=offers,https://octopart.com/click/track?ai=8237&sig=0147c3b&sid=2454&ppid=55405017&vpid=495871819&ct=offers,https://octopart.com/click/track?ai=8237&sig=0afc2d2&sid=2401&ppid=55405017&vpid=187840243&ct=offers,https://octopart.com/click/track?ai=8237&sig=0a180c8&sid=10022&ppid=55405017&vpid=575686489&ct=offers,GreenChips,ERJ3GEYJ101V,,0.003,0.003,0.003,13900,1,https://octopart.com/click/track?ai=8237&sig=01655a2&sid=28947&ppid=55405017&vpid=617815729&ct=offers,
1,RHM68DCT-ND,rohm,ESR03EZPJ680,https://octopart.com/esr03ezpj680-rohm-29236221,,,,1,RHM68DCT-ND,6099051,755-ESR03EZPJ680,,Cut Tape,Tape & Reel,Tape & Reel,,0.1,,0.11,,7092,0,14193,,1,5000,1,,https://octopart.com/click/track?ai=8237&sig=0e9c039&sid=459&ppid=29236221&vpid=76920663&ct=offers,https://octopart.com/click/track?c=1&ai=8237&sig=06caeb3&sid=2454&ppid=29236221&vpid=476986409&ct=offers,https://octopart.com/click/track?ai=8237&sig=054cfff&sid=2401&ppid=29236221&vpid=266936120&ct=offers,,CoreStaff,ST42681145,,0.03,0.03,0.03,90,1,https://octopart.com/click/track?ai=8237&sig=0ad5244&sid=27968&ppid=29236221&vpid=654913532&ct=offers,
1,RHM180DCT-ND,rohm,ESR03EZPJ181,https://octopart.com/esr03ezpj181-rohm-19170366,,,,1,RHM180DCT-ND,6114509,755-ESR03EZPJ181,,Cut Tape,Cut Tape,Tape & Reel,,0.1,0.098,0.1,,13780,0,15052,,1,1,1,,https://octopart.com/click/track?ai=8237&sig=05d28ac&sid=459&ppid=19170366&vpid=34226242&ct=offers,https://octopart.com/click/track?c=1&ai=8237&sig=05b8b63&sid=2454&ppid=19170366&vpid=657148028&ct=offers,https://octopart.com/click/track?ai=8237&sig=09271bc&sid=2401&ppid=19170366&vpid=269052537&ct=offers,,Future Electronics,6114509,Cut Tape,0.098,0.098,0.098,0,1,https://octopart.com/click/track?c=1&ai=8237&sig=05b8b63&sid=2454&ppid=19170366&vpid=657148028&ct=offers,
15,MCT0603-10.0K-CFCT-ND,Vishay,MCT06030C1002FP500,https://octopart.com/mct06030c1002fp500-vishay-55388462,,,,15,MCT0603-10.0K-CFCT-ND,4098595,594-MCT06030C1002FP5,1885910,Cut Tape,Cut Tape,Tape & Reel,,0.126,0.0331,0.12,,164603,43240,77610,1500,1,1,1,100,https://octopart.com/click/track?ai=8237&sig=08e49e6&sid=459&ppid=55388462&vpid=36706224&ct=offers,https://octopart.com/click/track?ai=8237&sig=0dc5cdc&sid=2454&ppid=55388462&vpid=477169911&ct=offers,https://octopart.com/click/track?ai=8237&sig=0a0aaf6&sid=2401&ppid=55388462&vpid=187883617&ct=offers,https://octopart.com/click/track?ai=8237&sig=0da7491&sid=10022&ppid=55388462&vpid=660757297&ct=offers,Future Electronics,4098595,Cut Tape,0.0331,0.49649999999999994,0.49649999999999994,43240,1,https://octopart.com/click/track?ai=8237&sig=0dc5cdc&sid=2454&ppid=55388462&vpid=477169911&ct=offers,
1,490-2436-1-ND,Murata,NCP18XH103J03RB,https://octopart.com/ncp18xh103j03rb-murata-745856,,,,1,490-2436-1-ND,,81-NCP18XH103J03RB,,Cut Tape,,Tape & Reel,,0.19,,0.19,,143592,,47386,,1,,1,,https://octopart.com/click/track?ai=8237&sig=022ff21&sid=459&ppid=745856&vpid=1057748&ct=offers,,https://octopart.com/click/track?ai=8237&sig=0a6ca67&sid=2401&ppid=745856&vpid=37646634&ct=offers,,Arrow.cn,NCP18XH103J03RB#MURATA,,0.1674,0.1674,0.1674,431,1,https://octopart.com/click/track?ai=8237&sig=05a764f&sid=28928&ppid=745856&vpid=633981585&ct=offers,
1,RHM10DCT-ND,rohm,ESR03EZPJ100,https://octopart.com/esr03ezpj100-rohm-19170060,,,,1,RHM10DCT-ND,8103937,755-ESR03EZPJ100,,Cut Tape,Cut Tape,Tape & Reel,,0.1,0.0176,0.1,,1459,3440,0,,1,1,1,,https://octopart.com/click/track?ai=8237&sig=039a849&sid=459&ppid=19170060&vpid=34225473&ct=offers,https://octopart.com/click/track?ai=8237&sig=06e72ce&sid=2454&ppid=19170060&vpid=495872165&ct=offers,https://octopart.com/click/track?c=1&ai=8237&sig=0b1c8a4&sid=2401&ppid=19170060&vpid=266998884&ct=offers,,Future Electronics,8103937,Cut Tape,0.0176,0.0176,0.0176,3440,1,https://octopart.com/click/track?ai=8237&sig=06e72ce&sid=2454&ppid=19170060&vpid=495872165&ct=offers,
4,1276-4751-1-ND,Samsung,RC1608F1212CS,https://octopart.com/rc1608f1212cs-samsung-9300780,,,,4,1276-4751-1-ND,6036542,,,Cut Tape,Tape & Reel,,,0.1,,,,30,10000,,,1,5000,,,https://octopart.com/click/track?ai=8237&sig=02d9207&sid=459&ppid=9300780&vpid=76477719&ct=offers,https://octopart.com/click/track?ai=8237&sig=02ebd9f&sid=2454&ppid=9300780&vpid=421051438&ct=offers,,,Voyager Components,RC1608F1212CS-SAMSUNG-N/A,,0.015,0.06,0.06,4300,1,https://octopart.com/click/track?ai=8237&sig=00bce1d&sid=2424&ppid=9300780&vpid=590647361&ct=offers,
1,MCT0603-15.0K-CFCT-ND,Vishay,MCT06030C1502FP500,https://octopart.com/mct06030c1502fp500-vishay-43439988,,,,1,MCT0603-15.0K-CFCT-ND,,594-MCT06030C1502FP5,1885560,Cut Tape,,Tape & Reel,,0.13,,0.12,,5607,,5434,4500,1,,1,5000,https://octopart.com/click/track?ai=8237&sig=005c32a&sid=459&ppid=43439988&vpid=36706246&ct=offers,,https://octopart.com/click/track?ai=8237&sig=0e86ee7&sid=2401&ppid=43439988&vpid=175868474&ct=offers,https://octopart.com/click/track?ai=8237&sig=0e309a7&sid=10022&ppid=43439988&vpid=660757310&ct=offers,Arrow Electronics,MCT06030C1502FP500,Cut Tape,0.0873,0.0873,0.0873,3090,1,https://octopart.com/click/track?ai=8237&sig=01b16e5&sid=1106&ppid=43439988&vpid=473531856&ct=offers,
27,MCT0603-1.00K-CFCT-ND,Vishay,MCT06030C1001FP500,https://octopart.com/mct06030c1001fp500-vishay-46566501,,,,27,MCT0603-1.00K-CFCT-ND,7098594,594-MCT06030C1001FP5,1885541,Cut Tape,Cut Tape,Tape & Reel,,0.125,0.0331,0.1,,190812,50107,48381,2400,1,1,1,5000,https://octopart.com/click/track?ai=8237&sig=0c405b8&sid=459&ppid=46566501&vpid=657632717&ct=offers,https://octopart.com/click/track?ai=8237&sig=03523fb&sid=2454&ppid=46566501&vpid=477169910&ct=offers,https://octopart.com/click/track?ai=8237&sig=07ecab4&sid=2401&ppid=46566501&vpid=165603564&ct=offers,https://octopart.com/click/track?ai=8237&sig=0fbc01f&sid=10022&ppid=46566501&vpid=660757295&ct=offers,element14 APAC,2325213,Cut Tape,0.030845621426421912,0.8328317785133916,0.8328317785133916,358959,10,https://octopart.com/click/track?ai=8237&sig=0718d18&sid=11744&ppid=46566501&vpid=241547927&ct=offers,
2,311-22.1HRCT-ND,Yageo,RC0603FR-0722R1L,https://octopart.com/rc0603fr-0722r1l-yageo-1190988,,,,2,311-22.1HRCT-ND,4672101,603-RC0603FR-0722R1L,,Cut Tape,Cut Tape,Tape & Reel,,0.1,0.0025,0.1,,389371,263198,145679,,1,1,1,,https://octopart.com/click/track?ai=8237&sig=0653852&sid=459&ppid=1190988&vpid=1711603&ct=offers,https://octopart.com/click/track?ai=8237&sig=05ffc4a&sid=2454&ppid=1190988&vpid=19679000&ct=offers,https://octopart.com/click/track?ai=8237&sig=09e8fed&sid=2401&ppid=1190988&vpid=37726882&ct=offers,,Freelance Electronics,RC0603FR-0722R1L,,0.0005,0.001,0.001,2600,1,https://octopart.com/click/track?ai=8237&sig=0be1437&sid=13062&ppid=1190988&vpid=590718193&ct=offers,
2,1276-3499-1-ND,Samsung,RC1608F24R9CS,https://octopart.com/rc1608f24r9cs-samsung-21533637,,,,2,1276-3499-1-ND,3038010,,,Cut Tape,Tape & Reel,,,0.1,,,,7,0,,,1,5000,,,https://octopart.com/click/track?ai=8237&sig=0be8a77&sid=459&ppid=21533637&vpid=72530057&ct=offers,https://octopart.com/click/track?c=1&ai=8237&sig=018b8fb&sid=2454&ppid=21533637&vpid=421051510&ct=offers,,,Arrow Electronics,RC1608F24R9CS,Cut Tape,0.0953,0.1906,0.1906,3410,1,https://octopart.com/click/track?ai=8237&sig=0a9568f&sid=1106&ppid=21533637&vpid=473430125&ct=offers,
3,P255HCT-ND,Panasonic,ERJ-3EKF2550V,https://octopart.com/erj-3ekf2550v-panasonic-55403658,,,,3,P255HCT-ND,7110063,667-ERJ-3EKF2550V,,Cut Tape,Tape & Reel,Tape & Reel,,0.1,,0.1,,27853,0,57436,,1,5000,1,,https://octopart.com/click/track?ai=8237&sig=0e5d3cb&sid=459&ppid=55403658&vpid=189459164&ct=offers,https://octopart.com/click/track?c=1&ai=8237&sig=0026c30&sid=2454&ppid=55403658&vpid=657144678&ct=offers,https://octopart.com/click/track?ai=8237&sig=01d7c97&sid=2401&ppid=55403658&vpid=187839856&ct=offers,,Quest,ERJ3EKF2550V,,0.024,0.07200000000000001,0.07200000000000001,46228,1,https://octopart.com/click/track?ai=8237&sig=04be647&sid=2412&ppid=55403658&vpid=155174597&ct=offers,
1,311-240KHRCT-ND,Yageo,RC0603FR-07240KL,https://octopart.com/rc0603fr-07240kl-yageo-1210448,,,,1,311-240KHRCT-ND,4773420,603-RC0603FR-07240KL,,Cut Tape,Cut Tape,Tape & Reel,,0.1,0.0028,0.1,,495968,42612,191334,,1,1,1,,https://octopart.com/click/track?ai=8237&sig=070d5a1&sid=459&ppid=1210448&vpid=1493708&ct=offers,https://octopart.com/click/track?ai=8237&sig=02c6e92&sid=2454&ppid=1210448&vpid=19679007&ct=offers,https://octopart.com/click/track?ai=8237&sig=00f0183&sid=2401&ppid=1210448&vpid=56304269&ct=offers,,Future Electronics,4773420,Cut Tape,0.0028,0.0028,0.0028,42612,1,https://octopart.com/click/track?ai=8237&sig=02c6e92&sid=2454&ppid=1210448&vpid=19679007&ct=offers,
1,541-30.0KHCT-ND,Vishay,CRCW060330K0FKEA,https://octopart.com/crcw060330k0fkea-vishay-39843189,,,,1,541-30.0KHCT-ND,4103779,71-CRCW0603-30K-E3,6790197,Cut Tape,Cut Tape,Tape & Reel,,0.1,0.098,0.1,,31551,42223,42850,8500,1,1,1,50,https://octopart.com/click/track?ai=8237&sig=0e8e5b5&sid=459&ppid=39843189&vpid=114978474&ct=offers,https://octopart.com/click/track?ai=8237&sig=0cc0af6&sid=2454&ppid=39843189&vpid=495874387&ct=offers,https://octopart.com/click/track?ai=8237&sig=0e90180&sid=2401&ppid=39843189&vpid=114828810&ct=offers,https://octopart.com/click/track?ai=8237&sig=01b5b7d&sid=10022&ppid=39843189&vpid=575897276&ct=offers,Avnet,52K8400,,0.005,0.005,0.005,15000,1,https://octopart.com/click/track?ai=8237&sig=0e163f7&sid=5822&ppid=39843189&vpid=503283940&ct=offers,
1,311-402KHRCT-ND,Yageo,RC0603FR-07402KL,https://octopart.com/rc0603fr-07402kl-yageo-1226024,,,,1,311-402KHRCT-ND,1092089,603-RC0603FR-07402KL,,Cut Tape,Cut Tape,Tape & Reel,,0.1,0.0023,0.1,,172966,37833,27396,,1,1,1,,https://octopart.com/click/track?ai=8237&sig=032411f&sid=459&ppid=1226024&vpid=1749078&ct=offers,https://octopart.com/click/track?ai=8237&sig=057a3dd&sid=2454&ppid=1226024&vpid=477064973&ct=offers,https://octopart.com/click/track?ai=8237&sig=0634929&sid=2401&ppid=1226024&vpid=43977260&ct=offers,,Future Electronics,1092089,Cut Tape,0.0023,0.0023,0.0023,37833,1,https://octopart.com/click/track?ai=8237&sig=057a3dd&sid=2454&ppid=1226024&vpid=477064973&ct=offers,
2,1276-3505-1-ND,Samsung,RC1608F49R9CS,https://octopart.com/rc1608f49r9cs-samsung-10312292,,,,2,1276-3505-1-ND,8024190,,,Cut Tape,Tape & Reel,,,0.1,,,,6704,35000,,,1,5000,,,https://octopart.com/click/track?ai=8237&sig=012501c&sid=459&ppid=10312292&vpid=72530075&ct=offers,https://octopart.com/click/track?ai=8237&sig=0ba6dc3&sid=2454&ppid=10312292&vpid=421051586&ct=offers,,,Arrow Electronics,RC1608F49R9CS,Cut Tape,0.0761,0.1522,0.1522,194128,1,https://octopart.com/click/track?ai=8237&sig=0f6b1a3&sid=1106&ppid=10312292&vpid=473430264&ct=offers,
3,1276-5659-1-ND,Samsung,RC3216F49R9CS,https://octopart.com/rc3216f49r9cs-samsung-19018360,,,,3,1276-5659-1-ND,,,,Cut Tape,,,,0.1,,,,753,,,,1,,,,https://octopart.com/click/track?c=1&ai=8237&sig=0f4be7c&sid=459&ppid=19018360&vpid=76484663&ct=offers,,,,Arrow Electronics,RC3216F49R9CS,Cut Tape,0.0594,0.1782,0.1782,200810,1,https://octopart.com/click/track?ai=8237&sig=0ebf880&sid=1106&ppid=19018360&vpid=473431004&ct=offers,
1,541-4.99KHCT-ND,Vishay,CRCW06034K99FKEA,https://octopart.com/crcw06034k99fkea-vishay-39455801,,,,1,541-4.99KHCT-ND,3700622,71-CRCW0603-4.99K-E3,6790490,Cut Tape,Cut Tape,Tape & Reel,,0.1,0.098,0.1,,359215,947261,331698,19600,1,1,1,50,https://octopart.com/click/track?ai=8237&sig=00b6c88&sid=459&ppid=39455801&vpid=114978656&ct=offers,https://octopart.com/click/track?ai=8237&sig=0394fa8&sid=2454&ppid=39455801&vpid=495874470&ct=offers,https://octopart.com/click/track?ai=8237&sig=0c7f758&sid=2401&ppid=39455801&vpid=114828865&ct=offers,https://octopart.com/click/track?ai=8237&sig=057ca63&sid=10022&ppid=39455801&vpid=575897474&ct=offers,Freelance Electronics,CRCW06034K99FKEA,,0.0014,0.0014,0.0014,8824,1,https://octopart.com/click/track?ai=8237&sig=055e869&sid=13062&ppid=39455801&vpid=177009921&ct=offers,
1,P6.81KHCT-ND,Panasonic,ERJ-3EKF6811V,https://octopart.com/erj-3ekf6811v-panasonic-55421889,,,,1,P6.81KHCT-ND,7032340,667-ERJ-3EKF6811V,1065968,Cut Tape,Tape & Reel,Tape & Reel,,0.1,,0.1,,3054,5000,1271,50000,1,5000,1,5000,https://octopart.com/click/track?ai=8237&sig=0ef323c&sid=459&ppid=55421889&vpid=188061914&ct=offers,https://octopart.com/click/track?ai=8237&sig=013d56f&sid=2454&ppid=55421889&vpid=416894424&ct=offers,https://octopart.com/click/track?ai=8237&sig=0845d39&sid=2401&ppid=55421889&vpid=187840135&ct=offers,https://octopart.com/click/track?ai=8237&sig=08d1d87&sid=10022&ppid=55421889&vpid=575686400&ct=offers,Newark,65T8510,Cut Tape,0.002,0.002,0.002,12226,1,https://octopart.com/click/track?ai=8237&sig=02dd089&sid=2402&ppid=55421889&vpid=191370681&ct=offers,
1,668-AS01508MO-SC11-R-ND,PUI Audio,AS01508MO-SC11-R,https://octopart.com/as01508mo-sc11-r-pui+audio-107482094,,,,1,668-AS01508MO-SC11-R-ND,,665-AS01508MO-SC11-R,,Tray,,Tray,,2.85,,1.82,,460,,195,,1,,1,,https://octopart.com/click/track?ai=8237&sig=05b6ec6&sid=459&ppid=107482094&vpid=609069190&ct=offers,,https://octopart.com/click/track?ai=8237&sig=0185c83&sid=2401&ppid=107482094&vpid=610109906&ct=offers,,Mouser,665-AS01508MO-SC11-R,Tray,1.82,1.82,1.82,195,1,https://octopart.com/click/track?ai=8237&sig=0185c83&sid=2401&ppid=107482094&vpid=610109906&ct=offers,
1,MCP1802T-3302I/OTCT-ND,Microchip,MCP1802T-3302I/OT,https://octopart.com/mcp1802t-3302i%2Fot-microchip-7503791,,,,1,MCP1802T-3302I/OTCT-ND,6482251,579-MCP1802T-3302IOT,6694954P,Cut Tape,Tape & Reel,Tape & Reel,,0.56,,0.56,,12562,0,7943,4515,1,3000,1,25,https://octopart.com/click/track?ai=8237&sig=0ead380&sid=459&ppid=7503791&vpid=33800604&ct=offers,https://octopart.com/click/track?c=1&ai=8237&sig=0f8e270&sid=2454&ppid=7503791&vpid=109853833&ct=offers,https://octopart.com/click/track?ai=8237&sig=06b83cf&sid=2401&ppid=7503791&vpid=37721485&ct=offers,https://octopart.com/click/track?ai=8237&sig=0232448&sid=10022&ppid=7503791&vpid=660537335&ct=offers,Newark,54M4838,Cut Tape,0.53,0.53,0.53,1136,1,https://octopart.com/click/track?ai=8237&sig=09d9a4b&sid=2402&ppid=7503791&vpid=11377819&ct=offers,
2,296-17283-1-ND,Texas Instruments,SN74CB3Q3253DBQR,https://octopart.com/sn74cb3q3253dbqr-texas+instruments-472364,,,,2,296-17283-1-ND,,595-SN74CB3Q3253DBQR,,Cut Tape,,Tape & Reel,,0.87,,0.83,,2638,,2356,,1,,1,,https://octopart.com/click/track?ai=8237&sig=07c4a22&sid=459&ppid=472364&vpid=1250258&ct=offers,,https://octopart.com/click/track?ai=8237&sig=0601f4a&sid=2401&ppid=472364&vpid=45348776&ct=offers,,Texas Instruments,SN74CB3Q3253DBQR,Cut Tape,0.618,1.236,1.236,4486,1,https://octopart.com/click/track?ai=8237&sig=07d9f87&sid=27219&ppid=472364&vpid=267021270&ct=offers,
2,AD8131ARMZ-ND,Analog Devices,AD8131ARMZ,https://octopart.com/ad8131armz-analog+devices-138565,,,,2,AD8131ARMZ-ND,,584-AD8131ARMZ,0412898,Tube,,Tube,,4.96,,4.95,4.856,0,,186,377,1,,1,1,https://octopart.com/click/track?c=1&ai=8237&sig=005350a&sid=459&ppid=138565&vpid=1439355&ct=offers,,https://octopart.com/click/track?ai=8237&sig=0db1774&sid=2401&ppid=138565&vpid=77864437&ct=offers,https://octopart.com/click/track?ai=8237&sig=0e5a463&sid=10022&ppid=138565&vpid=575437135&ct=offers,Rochester Electronics,AD8131ARMZ,,2.5172,5.0344,5.0344,42,1,https://octopart.com/click/track?ai=8237&sig=06b8950&sid=5832&ppid=138565&vpid=623679319&ct=offers,
1,AD8302ARUZ-ND,Analog Devices,AD8302ARUZ,https://octopart.com/ad8302aruz-analog+devices-541810,,,,1,AD8302ARUZ-ND,,584-AD8302ARUZ,6977262,Tube,,Tube,,25.5,,25.5,24.97,205,,264,60,1,,1,1,https://octopart.com/click/track?ai=8237&sig=0f4416c&sid=459&ppid=541810&vpid=1506513&ct=offers,,https://octopart.com/click/track?ai=8237&sig=0ce1191&sid=2401&ppid=541810&vpid=77165375&ct=offers,https://octopart.com/click/track?ai=8237&sig=08ebffd&sid=10022&ppid=541810&vpid=575437451&ct=offers,Freelance Electronics,AD8302ARUZ,,11.54977,11.54977,11.54977,2,1,https://octopart.com/click/track?ai=8237&sig=09d6a79&sid=13062&ppid=541810&vpid=591816917&ct=offers,
1,296-7006-1-ND,Texas Instruments,TPA0253DGQR,https://octopart.com/tpa0253dgqr-texas+instruments-407770,,,,1,296-7006-1-ND,,595-TPA0253DGQR,,Cut Tape,,Tape & Reel,,1.99,,1.88,,12487,,2049,,1,,1,,https://octopart.com/click/track?ai=8237&sig=0f07ff5&sid=459&ppid=407770&vpid=1571467&ct=offers,,https://octopart.com/click/track?ai=8237&sig=0aae4a8&sid=2401&ppid=407770&vpid=37671583&ct=offers,,Rochester Electronics,TPA0253DGQR,,0.9513,0.9513,0.9513,39763,1,https://octopart.com/click/track?ai=8237&sig=0aac11a&sid=5832&ppid=407770&vpid=182248875&ct=offers,
1,MCP73871-2AAI/ML-ND,Microchip,MCP73871-2AAI/ML,https://octopart.com/mcp73871-2aai%2Fml-microchip-8315795,,,,1,MCP73871-2AAI/ML-ND,8032746,579-MCP73871-2AAI/ML,6696187,Tube,Tube,Tube,,1.88,,1.88,,416,0,44,191,1,91,1,2,https://octopart.com/click/track?ai=8237&sig=0aff6cb&sid=459&ppid=8315795&vpid=33802126&ct=offers,https://octopart.com/click/track?c=1&ai=8237&sig=006aee9&sid=2454&ppid=8315795&vpid=657013452&ct=offers,https://octopart.com/click/track?ai=8237&sig=0b6f411&sid=2401&ppid=8315795&vpid=37941183&ct=offers,https://octopart.com/click/track?ai=8237&sig=05fd387&sid=10022&ppid=8315795&vpid=575596007&ct=offers,Digi-Key,MCP73871-2AAI/ML-ND,Tube,1.88,1.88,1.88,416,1,https://octopart.com/click/track?ai=8237&sig=0aff6cb&sid=459&ppid=8315795&vpid=33802126&ct=offers,
1,ADP1613ARMZ-R7CT-ND,Analog Devices,ADP1613ARMZ-R7,https://octopart.com/adp1613armz-r7-analog+devices-11763485,,,,1,ADP1613ARMZ-R7CT-ND,,584-ADP1613ARMZ-R7,7427718P,Cut Tape,,Tape & Reel,,2.12,,2.12,,5327,,6384,485,1,,1,15,https://octopart.com/click/track?ai=8237&sig=01d655d&sid=459&ppid=11763485&vpid=34202342&ct=offers,,https://octopart.com/click/track?ai=8237&sig=075fb3c&sid=2401&ppid=11763485&vpid=76856219&ct=offers,https://octopart.com/click/track?ai=8237&sig=0467072&sid=10022&ppid=11763485&vpid=660509191&ct=offers,Freelance Electronics,ADP1613ARMZ-R7,,0.91219,0.91219,0.91219,171,1,https://octopart.com/click/track?ai=8237&sig=02c2420&sid=13062&ppid=11763485&vpid=230095407&ct=offers,
1,AP3417CKTR-G1DICT-ND,Diodes Inc.,AP3417CKTR-G1,https://octopart.com/ap3417cktr-g1-diodes+inc.-30954683,,,,1,AP3417CKTR-G1DICT-ND,1040371,,8287460P,Cut Tape,Tape & Reel,,,0.42,,,,11888,0,,8825,1,3000,,25,https://octopart.com/click/track?ai=8237&sig=03edec1&sid=459&ppid=30954683&vpid=95776387&ct=offers,https://octopart.com/click/track?c=1&ai=8237&sig=07ed049&sid=2454&ppid=30954683&vpid=416820104&ct=offers,,https://octopart.com/click/track?ai=8237&sig=0eda67c&sid=10022&ppid=30954683&vpid=660516036&ct=offers,LCSC,C500759,,0.1362,0.1362,0.1362,1111,1,https://octopart.com/click/track?ai=8237&sig=0ad98b8&sid=27971&ppid=30954683&vpid=616348935&ct=offers,
1,MAX5388NAUB+-ND,Maxim Integrated,MAX5388NAUB+,https://octopart.com/max5388naub%2B-maxim+integrated-42866431,,,,1,MAX5388NAUB+-ND,9085842,700-MAX5388NAUB+,,Tube,Tube,Tube,,2.69,,1.73,,477,0,367,,1,50,1,,https://octopart.com/click/track?ai=8237&sig=09956a8&sid=459&ppid=42866431&vpid=115954502&ct=offers,https://octopart.com/click/track?c=1&ai=8237&sig=0c18991&sid=2454&ppid=42866431&vpid=421647514&ct=offers,https://octopart.com/click/track?ai=8237&sig=0949cee&sid=2401&ppid=42866431&vpid=165384345&ct=offers,,Farnell,2800075,,1.5220867123201265,1.5220867123201265,1.5220867123201265,92,1,https://octopart.com/click/track?ai=8237&sig=0e78f7f&sid=819&ppid=42866431&vpid=464830165&ct=offers,
3,MAX4525CUB+-ND,Maxim Integrated,MAX4525CUB+,https://octopart.com/max4525cub%2B-maxim+integrated-42624946,,,,3,MAX4525CUB+-ND,2085608,700-MAX4525CUB,,Tube,Tube,Tube,,4.63,,2.91,,51,0,264,,1,50,1,,https://octopart.com/click/track?ai=8237&sig=0a457a9&sid=459&ppid=42624946&vpid=115953044&ct=offers,https://octopart.com/click/track?c=1&ai=8237&sig=05a6b2d&sid=2454&ppid=42624946&vpid=421645947&ct=offers,https://octopart.com/click/track?ai=8237&sig=0de2485&sid=2401&ppid=42624946&vpid=115230948&ct=offers,,Mouser,700-MAX4525CUB,Tube,2.91,8.73,8.73,264,1,https://octopart.com/click/track?ai=8237&sig=0de2485&sid=2401&ppid=42624946&vpid=115230948&ct=offers,
1,RXM-GPS-RM-TCT-ND,Linx,RXM-GPS-RM-T,https://octopart.com/rxm-gps-rm-t-linx-31014155,,,,1,RXM-GPS-RM-TCT-ND,5135507,,,Cut Tape,Tape & Reel,,,28.98,,,,0,0,,,1,1000,,,https://octopart.com/click/track?c=1&ai=8237&sig=02e042b&sid=459&ppid=31014155&vpid=90530705&ct=offers,https://octopart.com/click/track?c=1&ai=8237&sig=00b3bff&sid=2454&ppid=31014155&vpid=678137475&ct=offers,,,Digi-Key,RXM-GPS-RM-TCT-ND,Cut Tape,28.98,28.98,28.98,0,1,https://octopart.com/click/track?c=1&ai=8237&sig=02e042b&sid=459&ppid=31014155&vpid=90530705&ct=offers,
2,MCP6N11-010E/SN-ND,Microchip,MCP6N11-010E/SN,https://octopart.com/mcp6n11-010e%2Fsn-microchip-20093814,,,,2,MCP6N11-010E/SN-ND,6014511,579-MCP6N11-010E/SN,7559552P,Tube,Tube,Tube,,1.42,1.35,1.42,1.341,247,59,744,334,1,1,1,2,https://octopart.com/click/track?ai=8237&sig=0a2537d&sid=459&ppid=20093814&vpid=44856435&ct=offers,https://octopart.com/click/track?ai=8237&sig=00a0a83&sid=2454&ppid=20093814&vpid=109855627&ct=offers,https://octopart.com/click/track?ai=8237&sig=0fbc5be&sid=2401&ppid=20093814&vpid=45576101&ct=offers,https://octopart.com/click/track?ai=8237&sig=01f40fb&sid=10022&ppid=20093814&vpid=660712173&ct=offers,Arrow Electronics,MCP6N11-010E/SN,,1.0508,2.1016,2.1016,55,1,https://octopart.com/click/track?ai=8237&sig=0335d06&sid=1106&ppid=20093814&vpid=473299093&ct=offers,
1,SSM2167-1RMZ-R7CT-ND,Analog Devices,SSM2167-1RMZ-R7,https://octopart.com/ssm2167-1rmz-r7-analog+devices-12036810,,,,1,SSM2167-1RMZ-R7CT-ND,,584-SSM2167-1RMZ-R7,,Cut Tape,,Tape & Reel,,2.76,,2.75,,2367,,3287,,1,,1,,https://octopart.com/click/track?ai=8237&sig=06582fc&sid=459&ppid=12036810&vpid=66530910&ct=offers,,https://octopart.com/click/track?ai=8237&sig=0a5a610&sid=2401&ppid=12036810&vpid=76857450&ct=offers,,Chip One Stop Japan,C1S103100397848,Cut Tape,2.36,2.36,2.36,360,1,https://octopart.com/click/track?ai=8237&sig=08bced8&sid=13512&ppid=12036810&vpid=278177489&ct=offers,
1,423-1138-1-ND,Knowles Acoustics,SPU0410HR5H-PB,https://octopart.com/spu0410hr5h-pb-knowles+acoustics-19035281,,,,1,423-1138-1-ND,,721-SPU0410HR5H-PB,,Cut Tape,,Tape & Reel,,0.93,,0.94,,84833,,4453,,1,,1,,https://octopart.com/click/track?c=1&ai=8237&sig=099c378&sid=459&ppid=19035281&vpid=33965730&ct=offers,,https://octopart.com/click/track?ai=8237&sig=0add7d3&sid=2401&ppid=19035281&vpid=44869217&ct=offers,,Digi-Key,423-1138-1-ND,Cut Tape,0.93,0.93,0.93,84833,1,https://octopart.com/click/track?c=1&ai=8237&sig=099c378&sid=459&ppid=19035281&vpid=33965730&ct=offers,
1,599-1068-1-ND,,,,,,,1,,,,,,,,,,,,,,,,,,,,,,,,,,,,,,,,,,
5,FAN4174IS5XCT-ND,ON Semiconductor,FAN4174IS5X,https://octopart.com/fan4174is5x-on+semiconductor-84325058,,,,5,FAN4174IS5XCT-ND,8350399,512-FAN4174IS5X,6711166,Cut Tape,Cut Tape,Tape & Reel,,0.46,0.315,0.44,0.43,3606,1339,7587,6450,1,1,1,5,https://octopart.com/click/track?ai=8237&sig=04dd0b8&sid=459&ppid=84325058&vpid=452460288&ct=offers,https://octopart.com/click/track?ai=8237&sig=01acfc1&sid=2454&ppid=84325058&vpid=448122056&ct=offers,https://octopart.com/click/track?ai=8237&sig=088d1ba&sid=2401&ppid=84325058&vpid=438581038&ct=offers,https://octopart.com/click/track?ai=8237&sig=04fec01&sid=10022&ppid=84325058&vpid=575648288&ct=offers,Newark,60J0487,Cut Tape,0.118,0.59,0.59,248,1,https://octopart.com/click/track?ai=8237&sig=0994a8b&sid=2402&ppid=84325058&vpid=439860260&ct=offers,
3,1465-1374-1-ND,,,,,,,3,,,,,,,,,,,,,,,,,,,,,,,,,,,,,,,,,,
1,336-2552-ND,Silicon Labs,SI5338A-B-GM,https://octopart.com/si5338a-b-gm-silicon+labs-27547982,,,,1,336-2552-ND,,634-SI5338A-B-GM,7960322,Tray,,Tray,,14.79,,14.79,14.477,972,,1963,8,1,,1,1,https://octopart.com/click/track?ai=8237&sig=086746f&sid=459&ppid=27547982&vpid=82536631&ct=offers,,https://octopart.com/click/track?ai=8237&sig=02abcac&sid=2401&ppid=27547982&vpid=77180559&ct=offers,https://octopart.com/click/track?ai=8237&sig=0bdabfb&sid=10022&ppid=27547982&vpid=575785370&ct=offers,Symmetry Electronics,SI5338A-B-GM,,13.5,13.5,13.5,54,1,https://octopart.com/click/track?ai=8237&sig=0cdadd5&sid=13421&ppid=27547982&vpid=228019083&ct=offers,
1,296-14909-1-ND,Texas Instruments,SN74LVC1G3157DCKR,https://octopart.com/sn74lvc1g3157dckr-texas+instruments-472291,,,,1,296-14909-1-ND,,595-SN74LVC1G3157DCK,6282769P,Cut Tape,,Tape & Reel,,0.39,,0.37,,312416,,68784,5540,1,,1,10,https://octopart.com/click/track?ai=8237&sig=08f3a98&sid=459&ppid=472291&vpid=1166761&ct=offers,,https://octopart.com/click/track?ai=8237&sig=0e8b545&sid=2401&ppid=472291&vpid=37734063&ct=offers,https://octopart.com/click/track?ai=8237&sig=0ccdc23&sid=10022&ppid=472291&vpid=660752522&ct=offers,Freelance Electronics,SN74LVC1G3157DCKR,,0.03002,0.03002,0.03002,601,1,https://octopart.com/click/track?ai=8237&sig=09f0356&sid=13062&ppid=472291&vpid=608897076&ct=offers,
1,497-15819-ND,STMicroelectronics,STM32F746VGT6,https://octopart.com/stm32f746vgt6-stmicroelectronics-59160106,,,,1,497-15819-ND,7058380,511-STM32F746VGT6,8820281,Tray,Tray,Tray,,14.33,,11.94,12.082,1055,0,0,19,1,90,1,1,https://octopart.com/click/track?ai=8237&sig=0e4289b&sid=459&ppid=59160106&vpid=212074013&ct=offers,https://octopart.com/click/track?c=1&ai=8237&sig=0026c30&sid=2454&ppid=59160106&vpid=416912150&ct=offers,https://octopart.com/click/track?c=1&ai=8237&sig=0a5f5be&sid=2401&ppid=59160106&vpid=212884027&ct=offers,https://octopart.com/click/track?ai=8237&sig=01b8f21&sid=10022&ppid=59160106&vpid=575769005&ct=offers,Mouser,511-STM32F746VGT6,Tray,11.94,11.94,11.94,0,1,https://octopart.com/click/track?c=1&ai=8237&sig=0a5f5be&sid=2401&ppid=59160106&vpid=212884027&ct=offers,
2,MC10EP52DTGOS-ND,ON Semiconductor,MC10EP52DTG,https://octopart.com/mc10ep52dtg-on+semiconductor-461562,,,,2,MC10EP52DTGOS-ND,,863-MC10EP52DTG,,Tube,,Tube,,8.39,,7.92,,124,,23,,1,,1,,https://octopart.com/click/track?ai=8237&sig=0b5a8b8&sid=459&ppid=461562&vpid=1831840&ct=offers,,https://octopart.com/click/track?ai=8237&sig=0f41ea6&sid=2401&ppid=461562&vpid=220501834&ct=offers,,Rochester Electronics,MC10EP52DTG,,4.2402,8.4804,8.4804,36300,1,https://octopart.com/click/track?ai=8237&sig=0b92e5c&sid=5832&ppid=461562&vpid=84983304&ct=offers,
1,1127-1662-ND,Analog Devices,HMC1023LP5E,https://octopart.com/hmc1023lp5e-analog+devices-51966800,,,,1,1127-1662-ND,,584-HMC1023LP5E,,Strip,,Cut Tape,,25.14,,25.14,,7,,44,,1,,1,,https://octopart.com/click/track?ai=8237&sig=06cc3db&sid=459&ppid=51966800&vpid=177472024&ct=offers,,https://octopart.com/click/track?ai=8237&sig=0685e22&sid=2401&ppid=51966800&vpid=180966636&ct=offers,,Rochester Electronics,HMC1023LP5E,,21.1472,21.1472,21.1472,2,1,https://octopart.com/click/track?ai=8237&sig=0f7bc27&sid=5832&ppid=51966800&vpid=693901549&ct=offers,
1,H12192CT-ND,Hirose,ZX62WRD-B-5PC,https://octopart.com/zx62wrd-b-5pc-hirose-25319682,,,,1,H12192CT-ND,4037335,798-ZX62WRD-B-5PC,9108532P,Cut Tape,Tape & Reel,Tape & Reel,,1.28,,1.28,,8545,0,3218,2190,1,3000,1,10,https://octopart.com/click/track?ai=8237&sig=064a1b5&sid=459&ppid=25319682&vpid=60121319&ct=offers,https://octopart.com/click/track?c=1&ai=8237&sig=0719630&sid=2454&ppid=25319682&vpid=109764034&ct=offers,https://octopart.com/click/track?ai=8237&sig=0817efe&sid=2401&ppid=25319682&vpid=66384366&ct=offers,https://octopart.com/click/track?ai=8237&sig=087f271&sid=10022&ppid=25319682&vpid=660522811&ct=offers,Farnell,2427510,Cut Tape,1.1916156333389099,1.1916156333389099,1.1916156333389099,2108,1,https://octopart.com/click/track?ai=8237&sig=0e65cee&sid=819&ppid=25319682&vpid=138889923&ct=offers,
2,SER3627CT-ND,Epson,TSX-3225 26.0000MF09Z-AC3,https://octopart.com/tsx-3225+26.0000mf09z-ac3-epson-44407668,,,,2,SER3627CT-ND,9097463,732-TX325-26F09Z-AC3,,Cut Tape,Cut Tape,Tape & Reel,,0.33,0.425,0.36,,0,0,0,,1,1,1,,https://octopart.com/click/track?c=1&ai=8237&sig=089dc4b&sid=459&ppid=44407668&vpid=115641549&ct=offers,https://octopart.com/click/track?c=1&ai=8237&sig=0b23402&sid=2454&ppid=44407668&vpid=475081772&ct=offers,https://octopart.com/click/track?c=1&ai=8237&sig=07ddda0&sid=2401&ppid=44407668&vpid=456130663&ct=offers,,Digi-Key,SER3627CT-ND,Cut Tape,0.33,0.66,0.66,0,1,https://octopart.com/click/track?c=1&ai=8237&sig=089dc4b&sid=459&ppid=44407668&vpid=115641549&ct=offers,
1,535-11937-1-ND,Abracon,ABS07-120-32.768KHZ-T,https://octopart.com/abs07-120-32.768khz-t-abracon-24822702,,,,1,535-11937-1-ND,,815-ABS0712032.768KT,1712688,Cut Tape,,Tape & Reel,,0.73,,0.67,,0,,0,0,1,,1,10,https://octopart.com/click/track?c=1&ai=8237&sig=01b0364&sid=459&ppid=24822702&vpid=57842073&ct=offers,,https://octopart.com/click/track?c=1&ai=8237&sig=020128b&sid=2401&ppid=24822702&vpid=63866395&ct=offers,https://octopart.com/click/track?c=1&ai=8237&sig=0e25573&sid=10022&ppid=24822702&vpid=575433143&ct=offers,Newark,56AC7523,Cut Tape,0.441,0.441,0.441,0,1,https://octopart.com/click/track?c=1&ai=8237&sig=0949ac7&sid=2402&ppid=24822702&vpid=480418717&ct=offers,
1,455-1719-ND,JST,S2B-PH-K-S(LF)(SN),https://octopart.com/s2b-ph-k-s%28lf%29%28sn%29-jst-248883,,,,1,455-1719-ND,7754757,,8201494P,Bulk,Bulk,,,0.17,0.0608,,,271031,71289,,3904,1,1,,125,https://octopart.com/click/track?ai=8237&sig=0abad96&sid=459&ppid=248883&vpid=1189416&ct=offers,https://octopart.com/click/track?ai=8237&sig=0f7cc79&sid=2454&ppid=248883&vpid=109797470&ct=offers,,https://octopart.com/click/track?ai=8237&sig=04a76d9&sid=10022&ppid=248883&vpid=660525642&ct=offers,Future Electronics,7754757,Bulk,0.0608,0.0608,0.0608,71289,1,https://octopart.com/click/track?ai=8237&sig=0f7cc79&sid=2454&ppid=248883&vpid=109797470&ct=offers,
1,PEC09-2320F-S0015-ND,Bourns,PEC09-2320F-S0015,https://octopart.com/pec09-2320f-s0015-bourns-19020381,,,,1,PEC09-2320F-S0015-ND,,652-PEC092320FS0015,,Tray,,Tray,,3.13,,3.26,,0,,910,,1,,1,,https://octopart.com/click/track?c=1&ai=8237&sig=01507c2&sid=459&ppid=19020381&vpid=34240232&ct=offers,,https://octopart.com/click/track?ai=8237&sig=033e97f&sid=2401&ppid=19020381&vpid=39254317&ct=offers,,Arrow Electronics,PEC09-2320F-S0015,,3.068,3.068,3.068,324,1,https://octopart.com/click/track?ai=8237&sig=03adf3c&sid=1106&ppid=19020381&vpid=473161528&ct=offers,
